Infinix Hot 9,Infinix,X655G
Infinix Note 7,Infinix,X690D
Infinix S5 Pro,Infinix,X660F
Infinix Smart 4 Plus,Infinix,X627D
Infinix Hot 8,Infinix,X650F
Infinix Zero 6 Pro,Infinix,X620C
Infinix Note 5,Infinix,X604D
Infinix S4,Infinix,X626E
Infinix Hot 7 Pro,Infinix,X625H
Infinix Smart 3 Plus,Infinix,X627H
Infinix Hot 6 Pro,Infinix,X608G1
Infinix Zero 5 Pro,Infinix,X603I1
Infinix Hot 4 Pro,Infinix,X556H
Infinix Smart 2 Pro,Infinix,X5517F
Infinix Note 4 Pro,Infinix,X571C
Infinix Zero 4 Plus,Infinix,X602D
Infinix Hot 3,Infinix,X554F
Infinix S2 Pro,Infinix,X522E
Infinix Hot 2,Infinix,X510F
Infinix Zero 3,Infinix,X552G
Infinix Note 2,Infinix,X600D
Infinix Hot Note,Infinix,X551F
Infinix Zero 2,Infinix,X509D
Infinix Hot,Infinix,X507D
Infinix Zero,Infinix,X506D
Infinix Smart,Infinix,X5010H
Infinix Hot 6,Infinix,X606G1
Infinix Zero 5,Infinix,X603J
Infinix Note 4,Infinix,X572H
Infinix Hot 5 Lite,Infinix,X559J
Infinix Smart 2,Infinix,X5515H
Infinix Hot 5,Infinix,X559I2
Infinix S3,Infinix,X573G
Infinix Note 3,Infinix,X601F
Infinix Hot 4 Lite,Infinix,X557D
Infinix Zero 4,Infinix,X555F
Infinix S2,Infinix,X522F1
Infinix Hot 3 LTE,Infinix,X553A3
Infinix Hot 4,Infinix,X557E
Infinix Zero 3 LTE,Infinix,X552G1
Infinix Note 3 Pro,Infinix,X601H3
Infinix Hot 3 Pro,Infinix,X5511D
Infinix S3 Pro,Infinix,X573F2
Infinix Hot 7,Infinix,X624D
Infinix Hot 6X,Infinix,X623F
Infinix Smart 2 HD,Infinix,X609E
Infinix Hot 6,Infinix,X608H
Infinix Note 4,Infinix,X572I
Infinix Smart 2,Infinix,X5516H
Infinix Hot 6,Infinix,X606G1
Infinix Zero 5,Infinix,X603K
Infinix Hot 5 Pro,Infinix,X559J1
Infinix Smart,Infinix,X5012I
Infinix Hot 6 Pro,Infinix,X608H1
Infinix Hot S3X,Infinix,X622E
Infinix Hot 6,Infinix,X606H
Infinix Zero 5,Infinix,X603K1
Infinix Smart 2,Infinix,X5514G
Infinix Hot S3,Infinix,X573G1
Infinix Hot 5 Lite,Infinix,X559J2
Infinix Hot 6 Pro,Infinix,X608I
Infinix Smart 2 Pro,Infinix,X5515I
Infinix Hot 8 Lite,Infinix,X650E
Infinix Note 6,Infinix,X610H
Infinix Smart 3,Infinix,X5516I
Infinix S5,Infinix,X652D
Infinix S5 Lite,Infinix,X652E
Infinix S5 Pro,Infinix,X660G
Infinix Hot 8 Lite,Infinix,X650D2
Infinix Hot 8 Pro,Infinix,X650E1
Infinix Note 6,Infinix,X610I
Infinix Hot 9 Play,Infinix,X680D
Infinix Hot 9,Infinix,X655H
Infinix Note 7 Lite,Infinix,X656D
Infinix Hot 9 Pro,Infinix,X655E1
Infinix Hot 9,Infinix,X655C
Infinix Note 7,Infinix,X690B
Infinix S5 Pro,Infinix,X660B
Infinix Smart 4 Plus,Infinix,X627B
Infinix Hot 8,Infinix,X650D
Infinix Zero 6 Pro,Infinix,X620
Infinix Note 5,Infinix,X604B
Infinix S4,Infinix,X626C
Infinix Hot 7 Pro,Infinix,X625F
Infinix Smart 3 Plus,Infinix,X627F
Infinix Hot 6 Pro,Infinix,X608E
Infinix Zero 5 Pro,Infinix,X603E
Infinix Hot 4 Pro,Infinix,X556F
Infinix Smart 2 Pro,Infinix,X5517
Infinix Note 4 Pro,Infinix,X572C
Infinix Zero 4 Plus,Infinix,X602B
Infinix Hot 3,Infinix,X554D
Infinix S2 Pro,Infinix,X522F
Infinix Hot 2,Infinix,X510D
Infinix Zero 3,Infinix,X552D
Infinix Note 2,Infinix,X600B
Infinix Hot Note,Infinix,X551D
Infinix Zero 2,Infinix,X509B
Infinix Hot,Infinix,X507B
Infinix Zero,Infinix,X506B
Infinix Smart,Infinix,X5010D
Infinix Hot 6,Infinix,X606D
Infinix Zero 5,Infinix,X603E
Infinix Note 4,Infinix,X572D
Infinix Hot 5 Lite,Infinix,X559C
Infinix Smart 2,Infinix,X5515F
Infinix Hot 5,Infinix,X559F
Infinix S3,Infinix,X573C
Infinix Note 3,Infinix,X601D
Infinix Hot 4 Lite,Infinix,X557B
Infinix Zero 4,Infinix,X555D
Infinix S2,Infinix,X522B
Infinix Hot 3 LTE,Infinix,X553A1
Infinix Hot 4,Infinix,X557C
Infinix Zero 3 LTE,Infinix,X552E
Infinix Note 3 Pro,Infinix,X601H1
Infinix Hot 3 Pro,Infinix,X5511B
Infinix S3 Pro,Infinix,X573D1
Infinix Hot 7,Infinix,X624B
Infinix Hot 6X,Infinix,X623D
Infinix Smart 2 HD,Infinix,X609C
Infinix Hot 6,Infinix,X608E1
Infinix Note 4,Infinix,X572F
Infinix Smart 2,Infinix,X5516C
Infinix Hot 6,Infinix,X606E
Infinix Zero 5,Infinix,X603F
Infinix Hot 5 Pro,Infinix,X559H1
Infinix Smart,Infinix,X5012E
Infinix Hot 6 Pro,Infinix,X608F
Infinix Hot S3X,Infinix,X622F
Infinix Hot 6,Infinix,X606E1
Infinix Zero 5,Infinix,X603G
Infinix Smart 2,Infinix,X5514E
Infinix Hot S3,Infinix,X573E
Infinix Hot 5 Lite,Infinix,X559H2
Infinix Hot 6 Pro,Infinix,X608F1
Infinix Smart 2 Pro,Infinix,X5515G
Infinix Hot 8 Lite,Infinix,X650D
Infinix Note 6,Infinix,X610F
Infinix Smart 3,Infinix,X5516F
Infinix S5,Infinix,X652B
Infinix S5 Lite,Infinix,X652C
Infinix S5 Pro,Infinix,X660C
Infinix Hot 8 Lite,Infinix,X650B
Infinix Hot 8 Pro,Infinix,X650C
Infinix Note 6,Infinix,X610F1
Infinix Hot 9 Play,Infinix,X680B
Infinix Hot 9,Infinix,X655D
Infinix Note 7 Lite,Infinix,X656B
Infinix Hot 9 Pro,Infinix,X655C
Infinix Hot 9,Infinix,X655E
Infinix Note 7,Infinix,X690C
Infinix S5 Pro,Infinix,X660D
Infinix Smart 4 Plus,Infinix,X627C
Infinix Hot 8,Infinix,X650E
Infinix Zero 6 Pro,Infinix,X620B
Infinix Note 5,Infinix,X604C
Infinix S4,Infinix,X626D
Infinix Hot 7 Pro,Infinix,X625G
Infinix Smart 3 Plus,Infinix,X627G
Infinix Hot 6 Pro,Infinix,X608F1
Infinix Zero 5 Pro,Infinix,X603G1
Infinix Hot 4 Pro,Infinix,X556G
Infinix Smart 2 Pro,Infinix,X5517E
Infinix Note 4 Pro,Infinix,X571B
Infinix Zero 4 Plus,Infinix,X602C
Infinix Hot 3,Infinix,X554E
Infinix S2 Pro,Infinix,X522C
Infinix Hot 2,Infinix,X510E
Infinix Zero 3,Infinix,X552F
Infinix Note 2,Infinix,X600C
Infinix Hot Note,Infinix,X551E
Infinix Zero 2,Infinix,X509C
Infinix Hot,Infinix,X507C
Infinix Zero,Infinix,X506C
Infinix Smart,Infinix,X5010F
Infinix Hot 6,Infinix,X606F
Infinix Zero 5,Infinix,X603H
Infinix Note 4,Infinix,X572E
Infinix Hot 5 Lite,Infinix,X559E
Infinix Smart 2,Infinix,X5515G
Infinix Hot 5,Infinix,X559G
Infinix S3,Infinix,X573F
Infinix Note 3,Infinix,X601E
Infinix Hot 4 Lite,Infinix,X557C
Infinix Zero 4,Infinix,X555E
Infinix S2,Infinix,X522D
Infinix Hot 3 LTE,Infinix,X553A2
Infinix Hot 4,Infinix,X557D
Infinix Zero 3 LTE,Infinix,X552F1
Infinix Note 3 Pro,Infinix,X601H2
Infinix Hot 3 Pro,Infinix,X5511C
Infinix S3 Pro,Infinix,X573F1
Infinix Hot 7,Infinix,X624C
Infinix Hot 6X,Infinix,X623E
Infinix Smart 2 HD,Infinix,X609D
Infinix Hot 6,Infinix,X608F1
Infinix Note 4,Infinix,X572G
Infinix Smart 2,Infinix,X5516D
Infinix Hot 6,Infinix,X606F
Infinix Zero 5,Infinix,X603H1
Infinix Hot 5 Pro,Infinix,X559I
Infinix Smart,Infinix,X5012G
Infinix Hot 6 Pro,Infinix,X608G
Infinix Hot S3X,Infinix,X622D
Infinix Hot 6,Infinix,X606G
Infinix Zero 5,Infinix,X603I
Infinix Smart 2,Infinix,X5514F
Infinix Hot S3,Infinix,X573F1
Infinix Hot 5 Lite,Infinix,X559I1
Infinix Hot 6 Pro,Infinix,X608H
Infinix Smart 2 Pro,Infinix,X5515H
Infinix Hot 8 Lite,Infinix,X650D1
Infinix Note 6,Infinix,X610G
Infinix Smart 3,Infinix,X5516G
Infinix S5,Infinix,X652C
Infinix S5 Lite,Infinix,X652D
Infinix S5 Pro,Infinix,X660E
Infinix Hot 8 Lite,Infinix,X650C1
Infinix Hot 8 Pro,Infinix,X650D1
Infinix Note 6,Infinix,X610G1
Infinix Hot 9 Play,Infinix,X680C
Infinix Hot 9,Infinix,X655F
Infinix Note 7 Lite,Infinix,X656C
Infinix Hot 9 Pro,Infinix,X655D1
Infinix Note 10 Pro,Infinix,X695
Infinix Hot 10,Infinix,X682C
Infinix Zero X Pro,Infinix,X700
Infinix Smart 5A,Infinix,X657C
Infinix Hot 11,Infinix,X681B
Infinix Note 8i,Infinix,X682C
Infinix Zero 8,Infinix,X687
Infinix Hot 9,Infinix,X655C
Infinix Note 7,Infinix,X690
Infinix S5 Pro,Infinix,X660
Infinix Smart 4 Plus,Infinix,X627
Infinix Hot 8,Infinix,X650C
Infinix Zero 6,Infinix,X620B
Infinix Note 5,Infinix,X604
Infinix S4,Infinix,X626B
Infinix Hot 7 Pro,Infinix,X625D
Infinix Smart 3 Plus,Infinix,X627
Infinix Hot 6 Pro,Infinix,X608
Infinix Zero 5 Pro,Infinix,X603B
Infinix Hot 4 Pro,Infinix,X556
Infinix Smart 2 Pro,Infinix,X5514
Infinix Note 4 Pro,Infinix,X571
Infinix Zero 4 Plus,Infinix,X602
Infinix Hot 3,Infinix,X554
Infinix S2 Pro,Infinix,X522
Infinix Hot 2,Infinix,X510
Infinix Zero 3,Infinix,X552
Infinix Note 2,Infinix,X600
Infinix Hot Note,Infinix,X551
Infinix Zero 2,Infinix,X509
Infinix Hot,Infinix,X507
Infinix Zero,Infinix,X506
Infinix Smart,Infinix,X5010
Infinix Hot 6,Infinix,X606
Infinix Zero 5,Infinix,X603
Infinix Note 4,Infinix,X572
Infinix Hot 5 Lite,Infinix,X559C
Infinix Smart 2,Infinix,X5515
Infinix Hot 5,Infinix,X559
Infinix S3,Infinix,X573
Infinix Note 3,Infinix,X601
Infinix Hot 4 Lite,Infinix,X557
Infinix Zero 4,Infinix,X555
Infinix S2,Infinix,X522
Infinix Hot 3 LTE,Infinix,X553
Infinix Hot 4,Infinix,X557
Infinix Zero 3 LTE,Infinix,X552
Infinix Note 3 Pro,Infinix,X601
Infinix Hot 3 Pro,Infinix,X5511
Infinix S3 Pro,Infinix,X573B
Infinix Hot 7,Infinix,X624
Infinix Hot 6X,Infinix,X623
Infinix Smart 2 HD,Infinix,X609B
Infinix Hot 6,Infinix,X608B
Infinix Note 4,Infinix,X572B
Infinix Smart 2,Infinix,X5516
Infinix Hot 6,Infinix,X606B
Infinix Zero 5,Infinix,X603B
Infinix Hot 5 Pro,Infinix,X559F
Infinix Smart,Infinix,X5012
Infinix Hot 6 Pro,Infinix,X608C
Infinix Hot S3X,Infinix,X622
Infinix Hot 6,Infinix,X606C
Infinix Zero 5,Infinix,X603D
Infinix Smart 2,Infinix,X5514D
Infinix Hot S3,Infinix,X573D
Infinix Hot 5 Lite,Infinix,X559H
Infinix Hot 6 Pro,Infinix,X608E
Infinix Smart 2 Pro,Infinix,X5515F
Infinix Hot 8 Lite,Infinix,X650
Infinix Note 6,Infinix,X610B
Infinix Smart 3,Infinix,X5516B
Infinix S5,Infinix,X652
Infinix S5 Lite,Infinix,X652B
Infinix S5 Pro,Infinix,X660B
Infinix Hot 8 Lite,Infinix,X650
Infinix Hot 8 Pro,Infinix,X650B
Infinix Note 6,Infinix,X610B
Infinix Hot 9 Play,Infinix,X680
Infinix Hot 9,Infinix,X655
Infinix Note 7 Lite,Infinix,X656
Infinix Hot 9 Pro,Infinix,X655B
