Realme Narzo 30 Pro,Realme,RMX3161
Realme Narzo 30,Realme,RMX3165
Realme C21Y,Realme,RMX3261
Realme Narzo 50A Prime,Realme,RMX3491
Realme Narzo 50i Prime,Realme,RMX3491
Realme 9 4G,Realme,RMX3491
Realme 9 5G,Realme,RMX3491
Realme 9 Pro+ 5G,Realme,RMX3567
Realme 9 Pro 5G,Realme,RMX3567
Realme GT Neo 3T,Realme,RMX3563
Realme Pad Mini Wi-Fi,Realme,RMX3211
Realme Pad Wi-Fi,Realme,RMX3212
Realme GT Neo Flash,Realme,RMX3561
Realme GT Neo 3 Thor: Love and Thunder Limited Edition,Realme,RMX3562
Realme Narzo 50 Pro 5G,Realme,RMX3570
Realme Narzo 50A,Realme,RMX3202
Realme Narzo 50i,Realme,RMX3190
Realme GT Neo 2,Realme,RMX3303
Realme GT Master Edition,Realme,RMX3360
Realme GT 2 Pro,Realme,RMX3310
Realme GT Neo 3,Realme,RMX3560
Realme GT 2 Explorer Master Edition,Realme,RMX3562
Realme 9 Pro+,Realme,RMX3371
Realme 9 Pro,Realme,RMX3391
Realme 9i,Realme,RMX3491
Realme Narzo 50 5G,Realme,RMX3391
Realme Narzo 50,Realme,RMX3241
Realme C25Y,Realme,RMX3370
Realme C21Y,Realme,RMX3261
Realme C11 2022,Realme,RMX3571
Realme V15,Realme,RMX3350
Realme V11 5G,Realme,RMX3372
Realme V11,Realme,RMX3366
Realme V13,Realme,RMX3569
Realme V13e,Realme,RMX3380
Realme Pad Mini Wi-Fi,Realme,RMX3211
Realme Pad Wi-Fi,Realme,RMX3212
Realme 6i,Realme,RMX2002
Realme C11,Realme,RMX2185
Realme 6 Pro,Realme,RMX2061
Realme X2 Pro,Realme,RMX1931
Realme 6,Realme,RMX2001
Realme C3,Realme,RMX2027
Realme X50 Pro,Realme,RMX2076
Realme C2,Realme,RMX1941
Realme X3 SuperZoom,Realme,RMX2086
Realme 5 Pro,Realme,RMX1971
Realme 5,Realme,RMX1911
Realme X50,Realme,RMX2051
Realme X,Realme,RMX1901
Realme 3 Pro,Realme,RMX1851
Realme 3,Realme,RMX1825
Realme X2,Realme,RMX1992
Realme XT,Realme,RMX1921
Realme 5s,Realme,RMX1925
Realme 2 Pro,Realme,RMX1801
Realme C2s,Realme,RMX1945
Realme C1,Realme,RMX1811
Realme U1,Realme,RMX1831
Realme C15,Realme,RMX2180
Realme C12,Realme,RMX2189
Realme V5,Realme,RMX2111
Realme V3,Realme,RMX2020
Realme Q2,Realme,RMX2117
Realme Q2 Pro,Realme,RMX2173
Realme 7,Realme,RMX2151
Realme 7 Pro,Realme,RMX2170
Realme 7i,Realme,RMX2103
Realme X3 SuperZoom Lite,Realme,RMX3085
Realme C11 2021,Realme,RMX3231
Realme C20,Realme,RMX3061
Realme Narzo 20,Realme,RMX2191
Realme Narzo 20A,Realme,RMX2050
Realme Narzo 20 Pro,Realme,RMX2161
Realme C15 Qualcomm Edition,Realme,RMX2195
Realme C17,Realme,RMX2101
Realme Narzo 30A,Realme,RMX3171
Realme GT,Realme,RMX3366
Realme GT Master Edition,Realme,RMX3361
Realme GT Neo,Realme,RMX3370
Realme 8,Realme,RMX3085
Realme 8 Pro,Realme,RMX3081
Realme 8i,Realme,RMX3190
Realme 8s,Realme,RMX3381
Realme 9,Realme,RMX3481
Realme 9 Pro,Realme,RMX3485
Realme C30,Realme,RMX3451
Realme C30i,Realme,RMX3490
Realme X4,Realme,RMX3520
Realme X4 Pro,Realme,RMX3530
Realme Narzo 40,Realme,RMX3561
Realme Narzo 40A,Realme,RMX3570
Realme Narzo 40 Pro,Realme,RMX3581
Realme V6,Realme,RMX3590
Realme V6 Pro,Realme,RMX3601
Realme Q3,Realme,RMX3610
Realme Q3 Pro,Realme,RMX3620
Realme Q3i,Realme,RMX3630
